canonical_sku,attribute_key,value,source_sku,confidence
8120,"finish","stainless",8120-001180,0.900
8120,"material","stainless",8120-001180,0.900
8170,"finish","stainless",8170-001180,0.900
8170,"material","stainless",8170-001180,0.900
8320,"finish","stainless",8320-001180,0.900
8320,"material","stainless",8320-001180,0.900
8322,"finish","stainless",8322-001180,0.900
8322,"material","stainless",8322-001180,0.900
8B1-0011800,"finish","stainless",8B1-0011800,0.790
8B1-0011800,"material","stainless",8B1-0011800,0.790
8B1-0012400,"finish","stainless",8B1-0012400,0.790
8B1-0012400,"material","stainless",8B1-0012400,0.790
8B1-0013096,"finish","stainless",8B1-0013096,0.790
8B1-0013096,"material","stainless",8B1-0013096,0.790
8B1-0013600,"finish","stainless",8B1-0013600,0.790
8B1-0013600,"material","stainless",8B1-0013600,0.790
8B1-0014200,"finish","stainless",8B1-0014200,0.790
8B1-0014200,"material","stainless",8B1-0014200,0.790
8B1-0014800,"finish","stainless",8B1-0014800,0.790
8B1-0014800,"material","stainless",8B1-0014800,0.790
8B1-2011896,"finish","stainless",8B1-2011896,0.790
8B1-2011896,"material","stainless",8B1-2011896,0.790
8B1-2012496,"finish","stainless",8B1-2012496,0.790
8B1-2012496,"material","stainless",8B1-2012496,0.790
8B1-2013696,"finish","stainless",8B1-2013696,0.790
8B1-2013696,"material","stainless",8B1-2013696,0.790
8B1-2014296,"finish","stainless",8B1-2014296,0.790
8B1-2014296,"material","stainless",8B1-2014296,0.790
8B1-2014896,"finish","stainless",8B1-2014896,0.790
8B1-2014896,"material","stainless",8B1-2014896,0.790
ACRO-CG-150N,"mounting","surface",ACRO-CG-150N,0.740
ACRO-CG-SS14,"finish","stainless",ACRO-CG-SS14,0.790
ACRO-CG-SS14,"material","stainless",ACRO-CG-SS14,0.790
ACRO-SHEET-040,size,"040in",ACRO-SHEET-040,0.770
ACRO-SHEET-060,size,"060in",ACRO-SHEET-060,0.770
ADADEPOT-EP5011,"compliance",ADA,ADADEPOT-EP5011,0.740
ADADEPOT-EP5062,"compliance",ADA,ADADEPOT-EP5062,0.740
ADADEPOT-STAIR-LEVEL,"compliance",ADA,ADADEPOT-STAIR-LEVEL,0.740
ADD-ADHESIVE-ALLOW,"mounting","surface",ADD-ADHESIVE-ALLOW,0.740
ADD-ROUGH-OPENING-CHECK,"mounting","recessed",ADD-ROUGH-OPENING-CHECK,0.740
AIVIA-100,"mounting","surface",AIVIA-100,0.740
AMEREX-B260,"compliance","fire",AMEREX-B260,0.740
AMEREX-B262,"compliance","fire",AMEREX-B262,0.740
AMEREX-B272NM,"compliance","fire",AMEREX-B272NM,0.740
AMEREX-B386T,"compliance","fire",AMEREX-B386T,0.740
AMEREX-B456,"compliance","fire",AMEREX-B456,0.820
AMEREX-B500,"compliance","fire",AMEREX-B500,0.820
AMEREX-B570,"compliance","fire",AMEREX-B570,0.740
ASI-0030,"finish","stainless",ASI-0030,0.790
ASI-0030,"material","stainless",ASI-0030,0.790
ASI-0030,"mounting","recessed",ASI-0030,0.790
ASI-0031,"finish","stainless",ASI-0031,0.790
ASI-0031,"material","stainless",ASI-0031,0.790
ASI-0031,"mounting","recessed",ASI-0031,0.790
ASI-0197-TURBO-MB,"finish",matte_black,ASI-0197-TURBO-MB,0.740
ASI-0215,"finish","stainless",ASI-0215,0.790
ASI-0215,"material","stainless",ASI-0215,0.790
ASI-0215,"mounting","recessed",ASI-0215,0.790
ASI-0264,"finish","stainless",ASI-0264,0.790
ASI-0264,"material","stainless",ASI-0264,0.790
ASI-0264,"mounting","surface",ASI-0264,0.790
ASI-0469,"finish","stainless",ASI-0469,0.790
ASI-0469,"material","stainless",ASI-0469,0.790
ASI-0469,"mounting","recessed",ASI-0469,0.790
ASI-0473,"finish","stainless",ASI-0473,0.790
ASI-0473,"material","stainless",ASI-0473,0.790
ASI-0473,"mounting","recessed",ASI-0473,0.790
ASI-0477,"finish","stainless",ASI-0477,0.790
ASI-0477,"material","stainless",ASI-0477,0.790
ASI-0477,"mounting","recessed",ASI-0477,0.790
ASI-0690-24,"finish","stainless",ASI-0690-24,0.820
ASI-0690-24,"material","stainless",ASI-0690-24,0.820
ASI-0690-24,size,"24in",ASI-0690-24,0.820
ASI-0730,"finish","stainless",ASI-0730,0.790
ASI-0730,"material","stainless",ASI-0730,0.790
ASI-0730,"mounting","surface",ASI-0730,0.790
ASI-0795,"mounting","surface",ASI-0795,0.740
ASI-0796-3,"mounting","surface",ASI-0796-3,0.740
ASI-0796-4,"mounting","surface",ASI-0796-4,0.740
ASI-0828,"finish","stainless",ASI-0828,0.790
ASI-0828,"material","stainless",ASI-0828,0.790
ASI-0834,"finish","stainless",ASI-0834,0.790
ASI-0834,"material","stainless",ASI-0834,0.790
ASI-0839,"finish","stainless",ASI-0839,0.790
ASI-0839,"material","stainless",ASI-0839,0.790
ASI-10-0391-1830,"finish","stainless",ASI-10-0391-1830,0.820
ASI-10-0391-1830,"material","stainless",ASI-10-0391-1830,0.820
ASI-10-0391-1830,size,"18in",ASI-10-0391-1830,0.820
ASI-1204-V,"finish",white,ASI-1204-V,0.740
ASI-1308,"finish","stainless",ASI-1308,0.790
ASI-1308,"material","stainless",ASI-1308,0.790
ASI-1308,"mounting","surface",ASI-1308,0.790
ASI-1308-3,size,"34in",ASI-1308-3,0.770
ASI-1308-4,size,"44in",ASI-1308-4,0.770
ASI-1315-4,"finish","stainless",ASI-1315-4,0.790
ASI-1315-4,"material","stainless",ASI-1315-4,0.790
ASI-40-8275210,"finish","stainless",ASI-40-8275210,0.790
ASI-40-8275210,"material","phenolic",ASI-40-8275210,0.790
ASI-40-8515220,"finish","stainless",ASI-40-8515220,0.790
ASI-40-8515220,"material","stainless",ASI-40-8515220,0.790
ASI-7340,"finish","stainless",ASI-7340,0.790
ASI-7340,"material","stainless",ASI-7340,0.790
ASI-7345,"finish","stainless",ASI-7345,0.790
ASI-7345,"material","stainless",ASI-7345,0.790
ASI-74022,"finish","stainless",ASI-74022,0.790
ASI-74022,"material","phenolic",ASI-74022,0.790
ASI-8206,"finish","stainless",ASI-8206,0.820
ASI-8206,"material","stainless",ASI-8206,0.820
ASI-8206,size,"36in",ASI-8206,0.820
ASI-8207,"finish","stainless",ASI-8207,0.820
ASI-8207,"material","stainless",ASI-8207,0.820
ASI-8207,size,"48in",ASI-8207,0.820
ASI-8208,"finish","stainless",ASI-8208,0.820
ASI-8208,"material","stainless",ASI-8208,0.820
ASI-8208,size,"60in",ASI-8208,0.820
ASI-9013-9,"finish","stainless",ASI-9013-9,0.790
ASI-9013-9,"material","stainless",ASI-9013-9,0.790
ASI-9013-9,"mounting","recessed",ASI-9013-9,0.790
ASI-BRKT-SS-CONT-LF,"finish","stainless",ASI-BRKT-SS-CONT-LF,0.790
ASI-BRKT-SS-CONT-LF,"material","stainless",ASI-BRKT-SS-CONT-LF,0.790
ASI-BRKT-STIRRUP-SS,"finish","stainless",ASI-BRKT-STIRRUP-SS,0.790
ASI-BRKT-STIRRUP-SS,"material","stainless",ASI-BRKT-STIRRUP-SS,0.790
ASI-BRKT-STIRRUP-ZAMAC,"finish","stainless",ASI-BRKT-STIRRUP-ZAMAC,0.790
ASI-BRKT-STIRRUP-ZAMAC,"material","stainless",ASI-BRKT-STIRRUP-ZAMAC,0.790
ASI-FSS,"finish","stainless",ASI-FSS,0.790
ASI-FSS,"material","stainless",ASI-FSS,0.790
ASI-HDPE-OH,"material",HDPE,ASI-HDPE-OH,0.790
ASI-HDPE-OH,"mounting","overhead_braced",ASI-HDPE-OH,0.790
ASI-HINGE-CONT-SS-LF,"finish","stainless",ASI-HINGE-CONT-SS-LF,0.790
ASI-HINGE-CONT-SS-LF,"material","stainless",ASI-HINGE-CONT-SS-LF,0.790
ASI-HINGE-WRAP-SS,"finish","stainless",ASI-HINGE-WRAP-SS,0.790
ASI-HINGE-WRAP-SS,"material","stainless",ASI-HINGE-WRAP-SS,0.790
ASI-HINGE-WRAP-ZAMAC,"finish","chrome",ASI-HINGE-WRAP-ZAMAC,0.740
ASI-HR-MB-LF,"finish",matte_black,ASI-HR-MB-LF,0.740
ASI-LATCH-PRIV-SS,"finish","stainless",ASI-LATCH-PRIV-SS,0.790
ASI-LATCH-PRIV-SS,"material","stainless",ASI-LATCH-PRIV-SS,0.790
ASI-LATCH-SS,"finish","stainless",ASI-LATCH-SS,0.790
ASI-LATCH-SS,"material","stainless",ASI-LATCH-SS,0.790
ASI-LATCH-SS,"mounting","surface",ASI-LATCH-SS,0.790
ASI-LATCH-ZAMAC,"finish","chrome",ASI-LATCH-ZAMAC,0.790
ASI-LATCH-ZAMAC,"mounting","surface",ASI-LATCH-ZAMAC,0.790
ASI-PC-OH,"material","powder_coated",ASI-PC-OH,0.790
ASI-PC-OH,"mounting","overhead_braced",ASI-PC-OH,0.790
ASI-PHEN-1T,"material","phenolic",ASI-PHEN-1T,0.740
ASI-PHEN-2T,"material","phenolic",ASI-PHEN-2T,0.740
ASI-PHEN-OH,"finish",black,ASI-PHEN-OH,0.790
ASI-PHEN-OH,"material","phenolic",ASI-PHEN-OH,0.790
ASI-PHEN-OH,"mounting","overhead_braced",ASI-PHEN-OH,0.790
ASI-PHEN-SLOPE-TOP,"material","phenolic",ASI-PHEN-SLOPE-TOP,0.740
ASI-PHEN-Z,"material","phenolic",ASI-PHEN-Z,0.740
ASI-PLAM-OH,"mounting","overhead_braced",ASI-PLAM-OH,0.740
ASI-PULL-MB,"finish",matte_black,ASI-PULL-MB,0.740
ASI-SC,"finish",white,ASI-SC,0.740
ASI-SCR-36,"finish","stainless",ASI-SCR-36,0.820
ASI-SCR-36,"material","stainless",ASI-SCR-36,0.820
ASI-SCR-36,size,"36in",ASI-SCR-36,0.820
ASI-SHOE-MB,"finish",matte_black,ASI-SHOE-MB,0.740
ASI-SHOE-SS,"finish","stainless",ASI-SHOE-SS,0.790
ASI-SHOE-SS,"material","stainless",ASI-SHOE-SS,0.790
ASI-SNAP-36-MB,"finish",matte_black,ASI-SNAP-36-MB,0.820
ASI-SNAP-36-MB,size,"36in",ASI-SNAP-36-MB,0.820
ASI-SS-OH,"finish","stainless",ASI-SS-OH,0.790
ASI-SS-OH,"material","stainless",ASI-SS-OH,0.790
ASI-SS-OH,"mounting","overhead_braced",ASI-SS-OH,0.790
ASI-UP-PHEN,"material","phenolic",ASI-UP-PHEN,0.740
ASI-US-SS,"finish","stainless",ASI-US-SS,0.790
ASI-US-SS,"material","stainless",ASI-US-SS,0.790
BA-AHD-2424,size,"24in",BA-AHD-2424,0.770
BABCOCK-BMD38,"mounting","recessed",BABCOCK-BMD38,0.740
BABCOCK-BMT38,size,"8in",BABCOCK-BMT38,0.770
BASE-MB300-SF,"finish",matte_black,BASE-MB300-SF,0.740
BASE-MB400-SF,"finish",matte_black,BASE-MB400-SF,0.740
BD-ADAP-1212,size,"12in",BD-ADAP-1212,0.770
BD-ADAP-2424,size,"24in",BD-ADAP-2424,0.770
BD-BGR34-SF,size,"4in",BD-BGR34-SF,0.770
BD-BMD38-SF,size,"8in",BD-BMD38-SF,0.770
BD-BMG12-SF,size,"2in",BD-BMG12-SF,0.770
BD-BMQ38-SF,size,"8in",BD-BMQ38-SF,0.770
BD-BMT38-SF,size,"8in",BD-BMT38-SF,0.770
BD-BMX12-SF,size,"2in",BD-BMX12-SF,0.770
BD-BNT-2448,size,"24in",BD-BNT-2448,0.770
BD-EXT-2424,size,"24in",BD-EXT-2424,0.770
BD-FRAME-34-LF,"mounting","recessed",BD-FRAME-34-LF,0.820
BD-FRAME-34-LF,size,"4in",BD-FRAME-34-LF,0.820
BD-FRAME-38-LF,"mounting","recessed",BD-FRAME-38-LF,0.820
BD-FRAME-38-LF,size,"8in",BD-FRAME-38-LF,0.820
BD-RAMP-EDGE-LF,"mounting","surface",BD-RAMP-EDGE-LF,0.740
BOB-1080-OH,"material","phenolic",BOB-1080-OH,0.820
BOB-1180-FA,"material","phenolic",BOB-1180-FA,0.740
BOB-2080-CH,"material","phenolic",BOB-2080-CH,0.740
BOB-2180-FTC,"material","phenolic",BOB-2180-FTC,0.740
BOB-B-211,"finish","stainless",BOB-B-211,0.790
BOB-B-211,"material","stainless",BOB-B-211,0.790
BOB-B-211,"mounting","surface",BOB-B-211,0.790
BOB-B-212,"finish","stainless",BOB-B-212,0.790
BOB-B-212,"material","stainless",BOB-B-212,0.790
BOB-B-212,"mounting","surface",BOB-B-212,0.790
BOB-B-2250,"finish","stainless",BOB-B-2250,0.790
BOB-B-2250,"material","stainless",BOB-B-2250,0.790
BOB-B-2300,"finish","stainless",BOB-B-2300,0.790
BOB-B-2300,"material","stainless",BOB-B-2300,0.790
BOB-B-2400,"finish","stainless",BOB-B-2400,0.790
BOB-B-2400,"material","stainless",BOB-B-2400,0.790
BOB-B-262,"finish","stainless",BOB-B-262,0.790
BOB-B-262,"material","stainless",BOB-B-262,0.790
BOB-B-262,"mounting","recessed",BOB-B-262,0.790
BOB-B-270,"finish","stainless",BOB-B-270,0.790
BOB-B-270,"material","stainless",BOB-B-270,0.790
BOB-B-270,"mounting","surface",BOB-B-270,0.790
BOB-B-2706,"mounting","surface",BOB-B-2706,0.740
BOB-B-290-1836,"finish","stainless",BOB-B-290-1836,0.820
BOB-B-290-1836,"material","stainless",BOB-B-290-1836,0.820
BOB-B-290-1836,size,"18in",BOB-B-290-1836,0.820
BOB-B-290-2436,"finish","stainless",BOB-B-290-2436,0.820
BOB-B-290-2436,"material","stainless",BOB-B-290-2436,0.820
BOB-B-290-2436,size,"24in",BOB-B-290-2436,0.820
BOB-B-290-2436-MBLK,"finish","stainless",BOB-B-290-2436-MBLK,0.820
BOB-B-290-2436-MBLK,"material","stainless",BOB-B-290-2436-MBLK,0.820
BOB-B-290-2436-MBLK,size,"24in",BOB-B-290-2436-MBLK,0.820
BOB-B-290-2448,"finish","stainless",BOB-B-290-2448,0.820
BOB-B-290-2448,"material","stainless",BOB-B-290-2448,0.820
BOB-B-290-2448,size,"24in",BOB-B-290-2448,0.820
BOB-B-290-2460,"finish","stainless",BOB-B-290-2460,0.820
BOB-B-290-2460,"material","stainless",BOB-B-290-2460,0.820
BOB-B-290-2460,size,"24in",BOB-B-290-2460,0.820
BOB-B-290-2472,"finish","stainless",BOB-B-290-2472,0.820
BOB-B-290-2472,"material","stainless",BOB-B-290-2472,0.820
BOB-B-290-2472,size,"24in",BOB-B-290-2472,0.820
BOB-B-293-1830,"compliance",ADA,BOB-B-293-1830,0.820
BOB-B-293-1830,"finish","stainless",BOB-B-293-1830,0.820
BOB-B-293-1830,"material","stainless",BOB-B-293-1830,0.820
BOB-B-293-1830,size,"18in",BOB-B-293-1830,0.820
BOB-B-293-1836,"compliance",ADA,BOB-B-293-1836,0.820
BOB-B-293-1836,"finish","stainless",BOB-B-293-1836,0.820
BOB-B-293-1836,"material","stainless",BOB-B-293-1836,0.820
BOB-B-293-1836,size,"18in",BOB-B-293-1836,0.820
BOB-B-293-2436,"compliance",ADA,BOB-B-293-2436,0.820
BOB-B-293-2436,"finish","stainless",BOB-B-293-2436,0.820
BOB-B-293-2436,"material","stainless",BOB-B-293-2436,0.820
BOB-B-293-2436,size,"24in",BOB-B-293-2436,0.820
BOB-B-295X24,"finish","stainless",BOB-B-295X24,0.820
BOB-B-295X24,"material","stainless",BOB-B-295X24,0.820
BOB-B-295X24,"mounting","surface",BOB-B-295X24,0.820
BOB-B-295X24,size,"24in",BOB-B-295X24,0.820
BOB-B-295X36,"finish","stainless",BOB-B-295X36,0.820
BOB-B-295X36,"material","stainless",BOB-B-295X36,0.820
BOB-B-295X36,"mounting","surface",BOB-B-295X36,0.820
BOB-B-295X36,size,"36in",BOB-B-295X36,0.820
BOB-B-301,"finish","stainless",BOB-B-301,0.790
BOB-B-301,"material","stainless",BOB-B-301,0.790
BOB-B-301,"mounting","recessed",BOB-B-301,0.790
BOB-B-309,"mounting","recessed",BOB-B-309,0.740
BOB-B-347,"finish","stainless",BOB-B-347,0.790
BOB-B-347,"material","stainless",BOB-B-347,0.790
BOB-B-347,"mounting","recessed",BOB-B-347,0.790
BOB-B-353,"finish","stainless",BOB-B-353,0.790
BOB-B-353,"material","stainless",BOB-B-353,0.790
BOB-B-353,"mounting","recessed",BOB-B-353,0.790
BOB-B-354,"finish","stainless",BOB-B-354,0.790
BOB-B-354,"material","stainless",BOB-B-354,0.790
BOB-B-354,"mounting","recessed",BOB-B-354,0.790
BOB-B-35633,"finish","stainless",BOB-B-35633,0.790
BOB-B-35633,"material","stainless",BOB-B-35633,0.790
BOB-B-35633,"mounting","recessed",BOB-B-35633,0.790
BOB-B-359,"finish","stainless",BOB-B-359,0.790
BOB-B-359,"material","stainless",BOB-B-359,0.790
BOB-B-359,"mounting","recessed",BOB-B-359,0.790
BOB-B-369,"finish","stainless",BOB-B-369,0.790
BOB-B-369,"material","stainless",BOB-B-369,0.790
BOB-B-369,"mounting","recessed",BOB-B-369,0.790
BOB-B-38032,"finish","stainless",BOB-B-38032,0.790
BOB-B-38032,"material","stainless",BOB-B-38032,0.790
BOB-B-38032,"mounting","recessed",BOB-B-38032,0.790
BOB-B-3942,"finish","stainless",BOB-B-3942,0.790
BOB-B-3942,"material","stainless",BOB-B-3942,0.790
BOB-B-3942,"mounting","recessed",BOB-B-3942,0.790
BOB-B-3944,"finish","stainless",BOB-B-3944,0.790
BOB-B-3944,"material","stainless",BOB-B-3944,0.790
BOB-B-3944,"mounting","recessed",BOB-B-3944,0.790
BOB-B-3961,"finish","stainless",BOB-B-3961,0.790
BOB-B-3961,"material","stainless",BOB-B-3961,0.790
BOB-B-3961,"mounting","recessed",BOB-B-3961,0.790
BOB-B-4288,"finish","stainless",BOB-B-4288,0.790
BOB-B-4288,"material","stainless",BOB-B-4288,0.790
BOB-B-4288,"mounting","surface",BOB-B-4288,0.790
BOB-B-4353,"finish","stainless",BOB-B-4353,0.790
BOB-B-4353,"material","stainless",BOB-B-4353,0.790
BOB-B-4353,"mounting","recessed",BOB-B-4353,0.790
BOB-B-4369,"finish","stainless",BOB-B-4369,0.790
BOB-B-4369,"material","stainless",BOB-B-4369,0.790
BOB-B-4369,"mounting","recessed",BOB-B-4369,0.790
BOB-B-4388,"finish","stainless",BOB-B-4388,0.790
BOB-B-4388,"material","stainless",BOB-B-4388,0.790
BOB-B-4388,"mounting","recessed",BOB-B-4388,0.790
BOB-B-47064,"mounting","recessed",BOB-B-47064,0.740
BOB-B-544,"finish","stainless",BOB-B-544,0.790
BOB-B-544,"material","stainless",BOB-B-544,0.790
BOB-B-544,"mounting","surface",BOB-B-544,0.790
BOB-B-5446,"finish","stainless",BOB-B-5446,0.790
BOB-B-5446,"material","stainless",BOB-B-5446,0.790
BOB-B-5446,"mounting","surface",BOB-B-5446,0.790
BOB-B-58616,"finish","stainless",BOB-B-58616,0.820
BOB-B-58616,"material","stainless",BOB-B-58616,0.820
BOB-B-58616,size,"24in",BOB-B-58616,0.820
BOB-B-6806X18-SHOWER,"finish","stainless",BOB-B-6806X18-SHOWER,0.820
BOB-B-6806X18-SHOWER,"material","stainless",BOB-B-6806X18-SHOWER,0.820
BOB-B-6806X18-SHOWER,size,"18in",BOB-B-6806X18-SHOWER,0.820
BOB-B-6806X24-SHOWER,"finish","stainless",BOB-B-6806X24-SHOWER,0.820
BOB-B-6806X24-SHOWER,"material","stainless",BOB-B-6806X24-SHOWER,0.820
BOB-B-6806X24-SHOWER,size,"24in",BOB-B-6806X24-SHOWER,0.820
BOB-B-6806X36-SHOWER,"finish","stainless",BOB-B-6806X36-SHOWER,0.820
BOB-B-6806X36-SHOWER,"material","stainless",BOB-B-6806X36-SHOWER,0.820
BOB-B-6806X36-SHOWER,size,"36in",BOB-B-6806X36-SHOWER,0.820
BOB-B-6827X18,"finish","stainless",BOB-B-6827X18,0.820
BOB-B-6827X18,"material","stainless",BOB-B-6827X18,0.820
BOB-B-6827X18,"mounting","surface",BOB-B-6827X18,0.820
BOB-B-6827X18,size,"18in",BOB-B-6827X18,0.820
BOB-B-6827X24,"finish","stainless",BOB-B-6827X24,0.820
BOB-B-6827X24,"material","stainless",BOB-B-6827X24,0.820
BOB-B-6827X24,"mounting","surface",BOB-B-6827X24,0.820
BOB-B-6827X24,size,"24in",BOB-B-6827X24,0.820
BOB-B-8397,"finish","stainless",BOB-B-8397,0.790
BOB-B-8397,"material","stainless",BOB-B-8397,0.790
BOB-B-8397,"mounting","surface",BOB-B-8397,0.790
BOB-B224,"mounting","surface",BOB-B224,0.740
BOB-B239,"finish","stainless",BOB-B239,0.790
BOB-B239,"material","stainless",BOB-B239,0.790
BOB-B4998,"compliance",ADA,BOB-B4998,0.790
BOB-B4998,"finish","stainless",BOB-B4998,0.790
BOB-B4998,"material","stainless",BOB-B4998,0.790
BOB-B6806X36,"finish","stainless",BOB-B6806X36,0.820
BOB-B6806X36,"material","stainless",BOB-B6806X36,0.820
BOB-B6806X36,size,"36in",BOB-B6806X36,0.820
BOB-B6806X42,"finish","stainless",BOB-B6806X42,0.820
BOB-B6806X42,"material","stainless",BOB-B6806X42,0.820
BOB-B6806X42,size,"42in",BOB-B6806X42,0.820
BOB-HDW-STD-SS,"finish","stainless",BOB-HDW-STD-SS,0.790
BOB-HDW-STD-SS,"material","stainless",BOB-HDW-STD-SS,0.790
BOB-HINGE-BARREL-SS,"finish","stainless",BOB-HINGE-BARREL-SS,0.790
BOB-HINGE-BARREL-SS,"material","stainless",BOB-HINGE-BARREL-SS,0.790
BOB-LATCH-KEEPER-SS,"finish","stainless",BOB-LATCH-KEEPER-SS,0.790
BOB-LATCH-KEEPER-SS,"material","stainless",BOB-LATCH-KEEPER-SS,0.790
BOB-US-PHEN,"material","phenolic",BOB-US-PHEN,0.740
BR-155,"mounting","recessed",BR-155,0.820
BR-234,"finish","stainless",BR-234,0.790
BR-234,"material","stainless",BR-234,0.790
BR-234,"mounting","recessed",BR-234,0.790
BR-236,"mounting","recessed",BR-236,0.740
BR-2A02,"finish","stainless",BR-2A02,0.790
BR-2A02,"material","stainless",BR-2A02,0.790
BR-2A02,"mounting","recessed",BR-2A02,0.790
BR-2A05,"mounting","recessed",BR-2A05,0.740
BR-2A25-36,"mounting","recessed",BR-2A25-36,0.740
BR-2B1-110000,"finish","stainless",BR-2B1-110000,0.790
BR-2B1-110000,"material","stainless",BR-2B1-110000,0.790
BR-2B1-110000,"mounting","surface",BR-2B1-110000,0.790
BR-2B1-113400,"finish","stainless",BR-2B1-113400,0.790
BR-2B1-113400,"material","stainless",BR-2B1-113400,0.790
BR-2B1-113400,"mounting","surface",BR-2B1-113400,0.790
BR-2B1-113600,"finish","stainless",BR-2B1-113600,0.790
BR-2B1-113600,"material","stainless",BR-2B1-113600,0.790
BR-2B1-113600,"mounting","surface",BR-2B1-113600,0.790
BR-2B5-110000,"mounting","surface",BR-2B5-110000,0.740
BR-2B5-113400,"mounting","surface",BR-2B5-113400,0.740
BR-2B5-113600,"mounting","surface",BR-2B5-113600,0.740
BR-377-36,"finish","stainless",BR-377-36,0.790
BR-377-36,"material","stainless",BR-377-36,0.790
BR-377-44,"finish","stainless",BR-377-44,0.790
BR-377-44,"material","stainless",BR-377-44,0.790
BR-3B1-000000,"finish","stainless",BR-3B1-000000,0.790
BR-3B1-000000,"material","stainless",BR-3B1-000000,0.790
BR-3B1-000000,"mounting","recessed",BR-3B1-000000,0.790
BR-3B1-003400,"finish","stainless",BR-3B1-003400,0.790
BR-3B1-003400,"material","stainless",BR-3B1-003400,0.790
BR-3B1-003400,"mounting","recessed",BR-3B1-003400,0.790
BR-3B1-003600,"finish","stainless",BR-3B1-003600,0.790
BR-3B1-003600,"material","stainless",BR-3B1-003600,0.790
BR-3B1-003600,"mounting","recessed",BR-3B1-003600,0.790
BR-3B1-110000,"finish","stainless",BR-3B1-110000,0.790
BR-3B1-110000,"material","stainless",BR-3B1-110000,0.790
BR-3B1-110000,"mounting","surface",BR-3B1-110000,0.790
BR-3B1-113400,"finish","stainless",BR-3B1-113400,0.790
BR-3B1-113400,"material","stainless",BR-3B1-113400,0.790
BR-3B1-113400,"mounting","surface",BR-3B1-113400,0.790
BR-3B1-113600,"finish","stainless",BR-3B1-113600,0.790
BR-3B1-113600,"material","stainless",BR-3B1-113600,0.790
BR-3B1-113600,"mounting","surface",BR-3B1-113600,0.790
BR-4781-11,"finish","stainless",BR-4781-11,0.790
BR-4781-11,"material","stainless",BR-4781-11,0.790
BR-4781-11,"mounting","surface",BR-4781-11,0.790
BR-4B2-000000,"finish","stainless",BR-4B2-000000,0.870
BR-4B2-000000,"material","stainless",BR-4B2-000000,0.870
BR-4B2-000000,"mounting","recessed",BR-4B2-000000,0.870
BR-4B2-110000,"finish","stainless",BR-4B2-110000,0.790
BR-4B2-110000,"material","stainless",BR-4B2-110000,0.790
BR-4B2-110000,"mounting","surface",BR-4B2-110000,0.790
BR-5A00,"finish","stainless",BR-5A00,0.790
BR-5A00,"material","stainless",BR-5A00,0.790
BR-5A00,"mounting","recessed",BR-5A00,0.790
BR-5B1-003600,"finish","stainless",BR-5B1-003600,0.790
BR-5B1-003600,"material","stainless",BR-5B1-003600,0.790
BR-5B1-003600,"mounting","recessed",BR-5B1-003600,0.790
BR-5B1-110000,"mounting","surface",BR-5B1-110000,0.740
BR-5B1-113600,"mounting","surface",BR-5B1-113600,0.740
BR-5B2-000000,"finish","stainless",BR-5B2-000000,0.790
BR-5B2-000000,"material","stainless",BR-5B2-000000,0.790
BR-5B2-000000,"mounting","recessed",BR-5B2-000000,0.790
BR-5B2-110000,"mounting","surface",BR-5B2-110000,0.740
BR-6B1-000000,"finish","stainless",BR-6B1-000000,0.790
BR-6B1-000000,"material","stainless",BR-6B1-000000,0.790
BR-6B1-000000,"mounting","recessed",BR-6B1-000000,0.790
BR-6B1-110000,"finish","stainless",BR-6B1-110000,0.790
BR-6B1-110000,"material","stainless",BR-6B1-110000,0.790
BR-6B1-110000,"mounting","surface",BR-6B1-110000,0.790
BR-6B1-110000T,"mounting","surface",BR-6B1-110000T,0.740
BR-6B1-110073,"finish","stainless",BR-6B1-110073,0.790
BR-6B1-110073,"material","stainless",BR-6B1-110073,0.790
BR-6B1-110073,"mounting","surface",BR-6B1-110073,0.790
BR-760-1830,"finish","stainless",BR-760-1830,0.820
BR-760-1830,"material","stainless",BR-760-1830,0.820
BR-760-1830,size,"18in",BR-760-1830,0.820
BR-781-6024,size,"60in",BR-781-6024,0.770
BR-781-6036,size,"60in",BR-781-6036,0.770
BR-7B1-0018300,"finish","stainless",BR-7B1-0018300,0.820
BR-7B1-0018300,"material","stainless",BR-7B1-0018300,0.820
BR-7B1-0018300,size,"18in",BR-7B1-0018300,0.820
BR-7B1-0024360,"finish","stainless",BR-7B1-0024360,0.820
BR-7B1-0024360,"material","stainless",BR-7B1-0024360,0.820
BR-7B1-0024360,size,"24in",BR-7B1-0024360,0.820
BR-7B1-1024360,size,"24in",BR-7B1-1024360,0.770
BR-7B1-3024360,size,"24in",BR-7B1-3024360,0.770
BR-7B1-5024360,size,"24in",BR-7B1-5024360,0.770
BR-7B1-7024360,size,"24in",BR-7B1-7024360,0.770
BR-7B2-0051200,"finish","stainless",BR-7B2-0051200,0.820
BR-7B2-0051200,"material","stainless",BR-7B2-0051200,0.820
BR-7B2-0051200,size,"5in",BR-7B2-0051200,0.820
BR-7B2-0051296,"finish","stainless",BR-7B2-0051296,0.820
BR-7B2-0051296,"material","stainless",BR-7B2-0051296,0.820
BR-7B2-0051296,size,"5in",BR-7B2-0051296,0.820
BR-7B2-0052400,"finish","stainless",BR-7B2-0052400,0.820
BR-7B2-0052400,"material","stainless",BR-7B2-0052400,0.820
BR-7B2-0052400,size,"5in",BR-7B2-0052400,0.820
BR-7B2-0082496,"finish","stainless",BR-7B2-0082496,0.820
BR-7B2-0082496,"material","stainless",BR-7B2-0082496,0.820
BR-7B2-0082496,size,"8in",BR-7B2-0082496,0.820
BR-963,"finish",white,BR-963,0.790
BR-963,"material",HDPE,BR-963,0.790
BR-963,"mounting","surface",BR-963,0.790
BR-9933,"finish","stainless",BR-9933,0.790
BR-9933,"material","stainless",BR-9933,0.790
BR-9934,"finish","stainless",BR-9934,0.790
BR-9934,"material","stainless",BR-9934,0.790
BR-9953,"finish","stainless",BR-9953,0.790
BR-9953,"material","stainless",BR-9953,0.790
BR-9953,"mounting","surface",BR-9953,0.790
BR-9954,"finish","stainless",BR-9954,0.790
BR-9954,"material","stainless",BR-9954,0.790
BR-9954,"mounting","surface",BR-9954,0.790
BR-9955,"finish","stainless",BR-9955,0.790
BR-9955,"material","stainless",BR-9955,0.790
BR-9955,"mounting","surface",BR-9955,0.790
BR-9983,"finish","stainless",BR-9983,0.790
BR-9983,"material","stainless",BR-9983,0.790
BR-9B1-110000,"finish","stainless",BR-9B1-110000,0.790
BR-9B1-110000,"material","stainless",BR-9B1-110000,0.790
BR-9B1-110200,"finish","stainless",BR-9B1-110200,0.790
BR-9B1-110200,"material","stainless",BR-9B1-110200,0.790
BR-ELX-2,"mounting","surface",BR-ELX-2,0.740
CLARIDGE-CALYX-GLASS-46,size,4x6,CLARIDGE-CALYX-GLASS-46,0.770
CLARIDGE-GLASS-48,size,4x8,CLARIDGE-GLASS-48,0.770
CLARIDGE-LCS-ELITE-46,"mounting","surface",CLARIDGE-LCS-ELITE-46,0.820
CLARIDGE-LCS-ELITE-46,size,4x6,CLARIDGE-LCS-ELITE-46,0.820
CLARIDGE-LCS-ELITE-48,"mounting","surface",CLARIDGE-LCS-ELITE-48,0.820
CLARIDGE-LCS-ELITE-48,size,4x8,CLARIDGE-LCS-ELITE-48,0.820
CLARIDGE-MGMI-46,"finish",white,CLARIDGE-MGMI-46,0.740
CS-ACRO-CG,"mounting","surface",CS-ACRO-CG,0.740
CS-ACRO-CHAIRRAIL,"mounting","surface",CS-ACRO-CHAIRRAIL,0.740
CS-ACRO-SHEET-040,size,"040in",CS-ACRO-SHEET-040,0.770
CS-ACRO-SHEET-060,size,"060in",CS-ACRO-SHEET-060,0.770
CS-CO8-4,"finish","stainless",CS-CO8-4,0.790
CS-CO8-4,"material","stainless",CS-CO8-4,0.790
CS-CO8-4,"mounting","surface",CS-CO8-4,0.790
CS-CO8-8,"finish","stainless",CS-CO8-8,0.790
CS-CO8-8,"material","stainless",CS-CO8-8,0.790
CS-CO8-8,"mounting","surface",CS-CO8-8,0.790
CS-PEDIGRID-SF,"mounting","recessed",CS-PEDIGRID-SF,0.740
DALITE-73241,size,"120in",DALITE-73241,0.770
DALITE-85324,size,"106in",DALITE-85324,0.850
EDER-45-AL-BRKT,size,"2in",EDER-45-AL-BRKT,0.850
EDER-CLEAT-6-ALUM,size,"6in",EDER-CLEAT-6-ALUM,0.770
EDER-CLEAT-9-ALUM,size,"9in",EDER-CLEAT-9-ALUM,0.770
EDER-GOLD-BALL-4,size,"4in",EDER-GOLD-BALL-4,0.770
EDER-GOLD-BALL-6,size,"6in",EDER-GOLD-BALL-6,0.770
EDER-TH20,size,3x5,EDER-TH20,0.770
FDC-SIGN,"compliance","fire",FDC-SIGN,0.740
FE-DECAL-CABINET,"compliance","fire",FE-DECAL-CABINET,0.740
FE-HOOK-WALL,"compliance","fire",FE-HOOK-WALL,0.740
FE-TAG-ANNUAL,"compliance","fire",FE-TAG-ANNUAL,0.740
FEC-BREAK-GLASS,"compliance","fire",FEC-BREAK-GLASS,0.740
FEC-GLAZING-ACRYLIC,"compliance","fire",FEC-GLAZING-ACRYLIC,0.740
FEC-TRIM-RETURN,"compliance","fire",FEC-TRIM-RETURN,0.790
FEC-TRIM-RETURN,"mounting","recessed",FEC-TRIM-RETURN,0.790
FIRE-BLANKET-CAB,"compliance","fire",FIRE-BLANKET-CAB,0.740
FIRE-RISER-SIGN,"compliance","fire",FIRE-RISER-SIGN,0.740
FL-H91516,"finish",black,FL-H91516,0.740
FT-REC,"finish","stainless",FT-REC,0.790
FT-REC,"material","stainless",FT-REC,0.790
FT-REC,"mounting","recessed",FT-REC,0.790
GHENT-A2M412-M,size,"1in",GHENT-A2M412-M,0.770
GHENT-A2M48-M,size,"1in",GHENT-A2M48-M,0.770
GHENT-HOLDUP-48,size,"48in",GHENT-HOLDUP-48,0.770
GHENT-HOLDUP-96,size,"96in",GHENT-HOLDUP-96,0.770
GHENT-MAPRAIL-1IN-LF,size,"1in",GHENT-MAPRAIL-1IN-LF,0.770
GHENT-MAPRAIL-2IN-LF,size,"2in",GHENT-MAPRAIL-2IN-LF,0.770
GHENT-MAPRAIL-ENDSTOP,size,"1in",GHENT-MAPRAIL-ENDSTOP,0.770
GHENT-MOBILE-M4-46,size,4x6,GHENT-MOBILE-M4-46,0.770
GLOBAL-9X5X13-ASH,"finish","stainless",GLOBAL-9X5X13-ASH,0.900
GLOBAL-9X5X13-ASH,"material","stainless",GLOBAL-9X5X13-ASH,0.900
GLOBAL-9X5X13-ASH,size,"9in",GLOBAL-9X5X13-ASH,0.900
GLOBAL-STONE-URN-24GAL,"compliance","fire",GLOBAL-STONE-URN-24GAL,0.740
IDEAL-6IN-COVER,size,"6in",IDEAL-6IN-COVER,0.770
IDEAL-6IN-REM-GALV,size,"6in",IDEAL-6IN-REM-GALV,0.770
IDEAL-METRO-6IN-COVER,size,"6in",IDEAL-METRO-6IN-COVER,0.770
INPRO-CG-160,"mounting","surface",INPRO-CG-160,0.740
INPRO-CR-4,size,"4in",INPRO-CR-4,0.770
INPRO-SHEET-040,"mounting","surface",INPRO-SHEET-040,0.820
INPRO-SHEET-040,size,"040in",INPRO-SHEET-040,0.820
IVES-8302-4X16-630,"finish","stainless",IVES-8302-4X16-630,0.820
IVES-8302-4X16-630,"material","stainless",IVES-8302-4X16-630,0.820
IVES-8302-4X16-630,size,4x16,IVES-8302-4X16-630,0.820
IVES-8303-4X16-630,"finish","stainless",IVES-8303-4X16-630,0.820
IVES-8303-4X16-630,"material","stainless",IVES-8303-4X16-630,0.820
IVES-8303-4X16-630,size,4x16,IVES-8303-4X16-630,0.820
IVES-8400-10X34-630,"finish","stainless",IVES-8400-10X34-630,0.820
IVES-8400-10X34-630,"material","stainless",IVES-8400-10X34-630,0.820
IVES-8400-10X34-630,size,10x34,IVES-8400-10X34-630,0.820
IVES-8400-34X34-630,"finish","stainless",IVES-8400-34X34-630,0.820
IVES-8400-34X34-630,"material","stainless",IVES-8400-34X34-630,0.820
IVES-8400-34X34-630,size,34x34,IVES-8400-34X34-630,0.820
IVES-8400-6X34-630,"finish","stainless",IVES-8400-6X34-630,0.820
IVES-8400-6X34-630,"material","stainless",IVES-8400-6X34-630,0.820
IVES-8400-6X34-630,size,6x34,IVES-8400-6X34-630,0.820
IVES-8400-8X34-630,"finish","stainless",IVES-8400-8X34-630,0.820
IVES-8400-8X34-630,"material","stainless",IVES-8400-8X34-630,0.820
IVES-8400-8X34-630,size,8x34,IVES-8400-8X34-630,0.820
IVES-8400-PBLK-10X34,"finish",black,IVES-8400-PBLK-10X34,0.820
IVES-8400-PBLK-10X34,size,10x34,IVES-8400-PBLK-10X34,0.820
IVES-8402-10X34-630,"compliance","fire",IVES-8402-10X34-630,0.820
IVES-8402-10X34-630,"finish","stainless",IVES-8402-10X34-630,0.820
IVES-8402-10X34-630,"material","stainless",IVES-8402-10X34-630,0.820
IVES-8402-10X34-630,size,10x34,IVES-8402-10X34-630,0.820
JL-1013G10,"compliance","fire",JL-1013G10,0.870
JL-1013G10,"finish",white,JL-1013G10,0.790
JL-1013G10,"mounting","surface",JL-1013G10,0.870
JL-1015F10,"compliance","fire",JL-1015F10,0.740
JL-1017F10FX,"compliance","fire",JL-1017F10FX,0.790
JL-1017F10FX,"mounting","recessed",JL-1017F10FX,0.790
JL-1413F12,"mounting","recessed",JL-1413F12,0.740
JUSTRITE-SCF,"compliance","fire",JUSTRITE-SCF,0.820
KARP-DSC214M-1212,size,"12in",KARP-DSC214M-1212,0.770
KARP-DSC214M-2424,size,"24in",KARP-DSC214M-2424,0.770
KARP-FR-2424,"compliance","fire",KARP-FR-2424,0.820
KARP-FR-2424,size,"24in",KARP-FR-2424,0.820
KNOX-3200-REC-DB,"mounting","recessed",KNOX-3200-REC-DB,0.740
KNOX-3200-SM-BLK,"finish",black,KNOX-3200-SM-BLK,0.790
KNOX-3200-SM-BLK,"mounting","surface",KNOX-3200-SM-BLK,0.790
KOALA-KB300-MB,"finish",matte_black,KOALA-KB300-MB,0.790
KOALA-KB300-MB,"mounting","surface",KOALA-KB300-MB,0.790
LAR-2409-6R,"compliance","fire",LAR-2409-6R,0.820
LAR-2409-6R,"mounting","recessed",LAR-2409-6R,0.820
LAR-2409-6R,size,"5in",LAR-2409-6R,0.820
LAR-2409-R2,"compliance","fire",LAR-2409-R2,0.790
LAR-2409-R2,"finish",white,LAR-2409-R2,0.790
LAR-2409-R2,"mounting","recessed",LAR-2409-R2,0.790
LAR-2409-R4,"compliance","fire",LAR-2409-R4,0.790
LAR-2409-R4,"finish",white,LAR-2409-R4,0.790
LAR-2409-R4,"mounting","recessed",LAR-2409-R4,0.790
LAR-2409-R7,"compliance","fire",LAR-2409-R7,0.820
LAR-2409-R7,"finish",white,LAR-2409-R7,0.820
LAR-2409-R7,"mounting","recessed",LAR-2409-R7,0.820
LAR-2409-R7,size,"2in",LAR-2409-R7,0.820
LAR-2409-SM,"compliance","fire",LAR-2409-SM,0.790
LAR-2409-SM,"finish",white,LAR-2409-SM,0.790
LAR-2409-SM,"mounting","surface",LAR-2409-SM,0.790
LAR-FSDEC-SS-2409-R4,"compliance","fire",LAR-FSDEC-SS-2409-R4,0.820
LAR-FSDEC-SS-2409-R4,"finish","stainless",LAR-FSDEC-SS-2409-R4,0.820
LAR-FSDEC-SS-2409-R4,"material","stainless",LAR-FSDEC-SS-2409-R4,0.820
LAR-FSDEC-SS-2409-R4,"mounting","recessed",LAR-FSDEC-SS-2409-R4,0.820
LAR-FSDEC-SS-2409-R4,size,"5in",LAR-FSDEC-SS-2409-R4,0.820
MADRAX-U24-QS,"mounting","surface",MADRAX-U24-QS,0.740
MAIL-SLOT-SS,"finish","stainless",MAIL-SLOT-SS,0.790
MAIL-SLOT-SS,"material","stainless",MAIL-SLOT-SS,0.790
MAILBOX-4C-ALLOW,"mounting","recessed",MAILBOX-4C-ALLOW,0.740
MASTERLOCK-1710ADA,"compliance",ADA,MASTERLOCK-1710ADA,0.740
MASTERLOCK-1714ADA,"compliance",ADA,MASTERLOCK-1714ADA,0.740
MAT-TEMPLATE-FIELD,"mounting","recessed",MAT-TEMPLATE-FIELD,0.740
MATS-PERFEC-CLEAN-38-AL-SF,"mounting","recessed",MATS-PERFEC-CLEAN-38-AL-SF,0.820
MATS-PERFEC-CLEAN-38-AL-SF,size,"8in",MATS-PERFEC-CLEAN-38-AL-SF,0.820
MATS-PERFEC-CLEAN-RUBBER-SF,"mounting","recessed",MATS-PERFEC-CLEAN-RUBBER-SF,0.740
MATS-RECESSED-GRATE-SF,"mounting","recessed",MATS-RECESSED-GRATE-SF,0.740
MC-REC,"mounting","recessed",MC-REC,0.740
OSC-ADA-ACCESSIBLE-ISA,"compliance",ADA,OSC-ADA-ACCESSIBLE-ISA,0.740
OSC-ADA-CUSTODIAL,"compliance",ADA,OSC-ADA-CUSTODIAL,0.740
OSC-ADA-ELEC,"compliance",ADA,OSC-ADA-ELEC,0.740
OSC-ADA-EXIT,"compliance",ADA,OSC-ADA-EXIT,0.740
OSC-ADA-FIRE-RISER,"compliance","ADA|fire",OSC-ADA-FIRE-RISER,0.740
OSC-ADA-MECH,"compliance",ADA,OSC-ADA-MECH,0.740
OSC-ADA-OFFICE,"compliance",ADA,OSC-ADA-OFFICE,0.740
OSC-ADA-RESTROOM-GN,"compliance",ADA,OSC-ADA-RESTROOM-GN,0.740
OSC-ADA-RESTROOM-MEN,"compliance",ADA,OSC-ADA-RESTROOM-MEN,0.740
OSC-ADA-RESTROOM-UNISEX,"compliance",ADA,OSC-ADA-RESTROOM-UNISEX,0.740
OSC-ADA-RESTROOM-WOMEN,"compliance",ADA,OSC-ADA-RESTROOM-WOMEN,0.740
OSC-ADA-ROOM-ID,"compliance",ADA,OSC-ADA-ROOM-ID,0.740
OSC-ADA-ROOM-NUM,"compliance",ADA,OSC-ADA-ROOM-NUM,0.740
OSC-ADA-STAIR,"compliance",ADA,OSC-ADA-STAIR,0.740
OSC-ADA-STAIR-DOWN,"compliance",ADA,OSC-ADA-STAIR-DOWN,0.740
OSC-ADA-STAIR-UP,"compliance",ADA,OSC-ADA-STAIR-UP,0.740
OSC-FE-3D,"compliance","fire",OSC-FE-3D,0.740
OSC-FE-DECAL,"compliance","fire",OSC-FE-DECAL,0.740
PEN-GUARD-1T,"mounting","recessed",PEN-GUARD-1T,0.740
PEN-GUARD-2T,"mounting","recessed",PEN-GUARD-2T,0.740
PEN-VAN-1T-121272,size,"12in",PEN-VAN-1T-121272,0.770
PEN-VAN-2T-121272,size,"12in",PEN-VAN-2T-121272,0.770
PEN-VAN-Z-121572,size,"12in",PEN-VAN-Z-121572,0.770
PEN-ZEE-BASE-4,size,"4in",PEN-ZEE-BASE-4,0.770
PEN-ZEE-BASE-SPLICE-END,size,"4in",PEN-ZEE-BASE-SPLICE-END,0.770
PR-FVC,"compliance","fire",PR-FVC,0.740
PR-FVEC,"compliance","fire",PR-FVEC,0.790
PR-FVEC,"mounting","recessed",PR-FVEC,0.790
PURELL-ES8,"mounting","surface",PURELL-ES8,0.740
RCP-270388BK,"finish",black,RCP-270388BK,0.740
RCP-354007BK,"finish",black,RCP-354007BK,0.740
RELIANCE-R7901,size,"36in",RELIANCE-R7901,0.770
RELIANCE-R8464,"finish","stainless",RELIANCE-R8464,0.820
RELIANCE-R8464,"material","stainless",RELIANCE-R8464,0.820
RELIANCE-R8464,size,"2in",RELIANCE-R8464,0.820
ROCK-306B-42-630,"finish","stainless",ROCK-306B-42-630,0.870
ROCK-306B-42-630,"material","stainless",ROCK-306B-42-630,0.870
ROCK-310B-42-630,"finish","stainless",ROCK-310B-42-630,0.790
ROCK-310B-42-630,"material","stainless",ROCK-310B-42-630,0.790
ROCK-FRAME-GUARD-630,"finish","stainless",ROCK-FRAME-GUARD-630,0.790
ROCK-FRAME-GUARD-630,"material","stainless",ROCK-FRAME-GUARD-630,0.790
ROCK-K1050-10X34-630,"finish","stainless",ROCK-K1050-10X34-630,0.900
ROCK-K1050-10X34-630,"material","stainless",ROCK-K1050-10X34-630,0.900
ROCK-K1050-10X34-630,size,10x34,ROCK-K1050-10X34-630,0.900
ROCK-K1050-10X34-630,size,12x34,ROCK-K1050-12X34-630,0.900
ROCK-K1050-16X34-630,"finish","stainless",ROCK-K1050-16X34-630,0.820
ROCK-K1050-16X34-630,"material","stainless",ROCK-K1050-16X34-630,0.820
ROCK-K1050-16X34-630,size,16x34,ROCK-K1050-16X34-630,0.820
ROCK-K1050-34X34-630,"finish","stainless",ROCK-K1050-34X34-630,0.820
ROCK-K1050-34X34-630,"material","stainless",ROCK-K1050-34X34-630,0.820
ROCK-K1050-34X34-630,size,34x34,ROCK-K1050-34X34-630,0.820
ROCK-K1050-6X34-630,"finish","stainless",ROCK-K1050-6X34-630,0.820
ROCK-K1050-6X34-630,"material","stainless",ROCK-K1050-6X34-630,0.820
ROCK-K1050-6X34-630,size,6x34,ROCK-K1050-6X34-630,0.820
ROCK-K1050-8X34-630,"finish","stainless",ROCK-K1050-8X34-630,0.820
ROCK-K1050-8X34-630,"material","stainless",ROCK-K1050-8X34-630,0.820
ROCK-K1050-8X34-630,size,8x34,ROCK-K1050-8X34-630,0.820
ROCK-PULL-107X70C-630,"finish","stainless",ROCK-PULL-107X70C-630,0.790
ROCK-PULL-107X70C-630,"material","stainless",ROCK-PULL-107X70C-630,0.790
ROCK-PUSH-70A-4X16-630,"finish","stainless",ROCK-PUSH-70A-4X16-630,0.820
ROCK-PUSH-70A-4X16-630,"material","stainless",ROCK-PUSH-70A-4X16-630,0.820
ROCK-PUSH-70A-4X16-630,size,4x16,ROCK-PUSH-70A-4X16-630,0.820
ROCKWOOD-K1050,"finish","stainless",ROCKWOOD-K1050,0.820
ROCKWOOD-K1050,"material","stainless",ROCKWOOD-K1050,0.820
ROCKWOOD-K1050,size,"8in",ROCKWOOD-K1050,0.820
RONICK-BM300-SF,"mounting","recessed",RONICK-BM300-SF,0.740
SA70-001180,"finish","stainless",SA70-001180,0.790
SA70-001180,"material","stainless",SA70-001180,0.790
SA70-001240,"finish","stainless",SA70-001240,0.790
SA70-001240,"material","stainless",SA70-001240,0.790
SA70-001300,"finish","stainless",SA70-001300,0.790
SA70-001300,"material","stainless",SA70-001300,0.790
SA70-001360,"finish","stainless",SA70-001360,0.790
SA70-001360,"material","stainless",SA70-001360,0.790
SA70-001420,"finish","stainless",SA70-001420,0.790
SA70-001420,"material","stainless",SA70-001420,0.790
SA70-001480,"finish","stainless",SA70-001480,0.790
SA70-001480,"material","stainless",SA70-001480,0.790
SAL-3506,"mounting","surface",SAL-3506,0.740
SAL-3755P-BLK,"finish",black,SAL-3755P-BLK,0.740
SAL-4550S,"finish","stainless",SAL-4550S,0.790
SAL-4550S,"material","stainless",SAL-4550S,0.790
SCR-BENCH-HDPE-06,"material",HDPE,SCR-BENCH-HDPE-06,0.740
SCR-BRKT-HDPE,"material",HDPE,SCR-BRKT-HDPE,0.740
SCR-ECL-FTC,"material",HDPE,SCR-ECL-FTC,0.740
SCR-ECL-OH-HIGH,"material",HDPE,SCR-ECL-OH-HIGH,0.790
SCR-ECL-OH-HIGH,"mounting","overhead_braced",SCR-ECL-OH-HIGH,0.790
SCR-ECL-OH-STD,"material",HDPE,SCR-ECL-OH-STD,0.870
SCR-ECL-OH-STD,"mounting","overhead_braced",SCR-ECL-OH-STD,0.870
SCR-HEADRAIL-LF,"material",HDPE,SCR-HEADRAIL-LF,0.740
SCR-HH-OH,"material",HDPE,SCR-HH-OH,0.790
SCR-HH-OH,"mounting","overhead_braced",SCR-HH-OH,0.790
SCR-HLSLA,"material",HDPE,SCR-HLSLA,0.740
SCR-TUFF-1T,"material",HDPE,SCR-TUFF-1T,0.740
SCR-TUFF-2T,"material",HDPE,SCR-TUFF-2T,0.740
SCR-TUFF-3T,"material",HDPE,SCR-TUFF-3T,0.740
SCR-TUFF-ATH,"material",HDPE,SCR-TUFF-ATH,0.740
SCR-TUFF-BASE-4,"finish",black,SCR-TUFF-BASE-4,0.820
SCR-TUFF-BASE-4,"material",HDPE,SCR-TUFF-BASE-4,0.820
SCR-TUFF-BASE-4,size,"4in",SCR-TUFF-BASE-4,0.820
SCR-TUFF-BENCH,"material",HDPE,SCR-TUFF-BENCH,0.740
SCR-TUFF-FILLER-72,"material",HDPE,SCR-TUFF-FILLER-72,0.820
SCR-TUFF-FILLER-72,size,"72in",SCR-TUFF-FILLER-72,0.820
SCR-TUFF-HANDLE-ADA,"compliance",ADA,SCR-TUFF-HANDLE-ADA,0.790
SCR-TUFF-HANDLE-ADA,"material",HDPE,SCR-TUFF-HANDLE-ADA,0.790
SCR-US-HDPE,"material",HDPE,SCR-US-HDPE,0.740
SETON-76866-FE,"compliance","fire",SETON-76866-FE,0.900
SETON-76866-FE,size,"12in",SETON-76866-FE,0.900
SETON-FE-DECAL,"compliance","fire",SETON-FE-DECAL,0.740
SF-HDVB-1,"compliance","fire",SF-HDVB-1,0.740
SF-HDVB-2,"compliance","fire",SF-HDVB-2,0.740
SF-HDVB-3,"compliance","fire",SF-HDVB-3,0.740
SF-UB5,"compliance","fire",SF-UB5,0.740
SF-UP10-MD,"compliance","fire",SF-UP10-MD,0.740
SH-SEAT-PHEN,"material","phenolic",SH-SEAT-PHEN,0.740
TRIMCO-K0050-10X34-630,"finish","stainless",TRIMCO-K0050-10X34-630,0.820
TRIMCO-K0050-10X34-630,"material","stainless",TRIMCO-K0050-10X34-630,0.820
TRIMCO-K0050-10X34-630,size,10x34,TRIMCO-K0050-10X34-630,0.820
TRIMCO-K0050-8X34-630,"finish","stainless",TRIMCO-K0050-8X34-630,0.820
TRIMCO-K0050-8X34-630,"material","stainless",TRIMCO-K0050-8X34-630,0.820
TRIMCO-K0050-8X34-630,size,8x34,TRIMCO-K0050-8X34-630,0.820
TRIMCO-KA050-34X34-630,"finish","stainless",TRIMCO-KA050-34X34-630,0.820
TRIMCO-KA050-34X34-630,"material","stainless",TRIMCO-KA050-34X34-630,0.820
TRIMCO-KA050-34X34-630,size,34x34,TRIMCO-KA050-34X34-630,0.820
TRIMCO-KE31-1-630,"finish","stainless",TRIMCO-KE31-1-630,0.790
TRIMCO-KE31-1-630,"material","stainless",TRIMCO-KE31-1-630,0.790
TRIMCO-KE33-1-630,"finish","stainless",TRIMCO-KE33-1-630,0.790
TRIMCO-KE33-1-630,"material","stainless",TRIMCO-KE33-1-630,0.790
TRIMCO-KM050-6X34-630,"finish","stainless",TRIMCO-KM050-6X34-630,0.820
TRIMCO-KM050-6X34-630,"material","stainless",TRIMCO-KM050-6X34-630,0.820
TRIMCO-KM050-6X34-630,size,6x34,TRIMCO-KM050-6X34-630,0.820
TRIMCO-KS050-16X34-630,"finish","stainless",TRIMCO-KS050-16X34-630,0.820
TRIMCO-KS050-16X34-630,"material","stainless",TRIMCO-KS050-16X34-630,0.820
TRIMCO-KS050-16X34-630,size,16x34,TRIMCO-KS050-16X34-630,0.820
ULINE-H-1667-SF,"mounting","surface",ULINE-H-1667-SF,0.740
ULINE-H-2357-SF,"mounting","surface",ULINE-H-2357-SF,0.740
ULINE-H-5467,"finish","stainless",ULINE-H-5467,0.790
ULINE-H-5467,"material","stainless",ULINE-H-5467,0.790
ULINE-H-6814,"finish","stainless",ULINE-H-6814,0.790
ULINE-H-6814,"material","stainless",ULINE-H-6814,0.790
ULINE-H-6840,"finish","stainless",ULINE-H-6840,0.790
ULINE-H-6840,"material","stainless",ULINE-H-6840,0.790
ULINE-S-12415,size,4x50,ULINE-S-12415,0.770
ULTRASITE-AUGUSTA-36ASH,"finish",black,ULTRASITE-AUGUSTA-36ASH,0.740
XL-SB,"finish","stainless",XL-SB,0.790
XL-SB,"material","stainless",XL-SB,0.790
XL-SB,"mounting","surface",XL-SB,0.790
XL-SB-REC-KIT,"mounting","recessed",XL-SB-REC-KIT,0.740